{
  "users": [
    {
      "username": "asdaew",
      "password": "123456",
      "balance": 2000,
      "transaction_history": [
        "\u041f\u043e\u043b\u0443\u0447\u0435\u043d\u0438\u0435 \u043f\u0435\u0440\u0435\u0432\u043e\u0434\u0430 \u043e\u0442 ada: +2000"
      ]
    },
    {
      "username": "ada",
      "password": "123456",
      "balance": 68220,
      "transaction_history": [
        "\u041f\u0435\u0440\u0435\u0432\u043e\u0434 \u043f\u043e\u043b\u044c\u0437\u043e\u0432\u0430\u0442\u0435\u043b\u044e asdaew: -2000",
        "\u041f\u043e\u043b\u0443\u0447\u0435\u043d\u0438\u0435 \u043f\u0435\u0440\u0435\u0432\u043e\u0434\u0430 \u043e\u0442 gani: +200"
      ]
    },
    {
      "username": "gani",
      "password": "123456",
      "balance": 20200201820,
      "transaction_history": [
        "\u041f\u0435\u0440\u0435\u0432\u043e\u0434 \u043f\u043e\u043b\u044c\u0437\u043e\u0432\u0430\u0442\u0435\u043b\u044e ada: -200"
      ]
    },
    {
      "username": "rama",
      "password": "123465",
      "balance": 2000000,
      "transaction_history": []
    },
    {
      "username": "father",
      "password": "123456",
      "balance": 0,
      "transaction_history": [
        "\u0420\u0435\u0433\u0438\u0441\u0442\u0440\u0430\u0446\u0438\u044f \u043d\u043e\u0432\u043e\u0433\u043e \u043f\u043e\u043b\u044c\u0437\u043e\u0432\u0430\u0442\u0435\u043b\u044f: father"
      ]
    },
    {
      "username": "mom",
      "password": "123456",
      "balance": 0,
      "transaction_history": [
        "\u0420\u0435\u0433\u0438\u0441\u0442\u0440\u0430\u0446\u0438\u044f \u043d\u043e\u0432\u043e\u0433\u043e \u043f\u043e\u043b\u044c\u0437\u043e\u0432\u0430\u0442\u0435\u043b\u044f: mom"
      ]
    },
    {
      "username": "fav_son",
      "password": "123456",
      "balance": 1,
      "transaction_history": [
        "\u041f\u043e\u043b\u0443\u0447\u0435\u043d\u0438\u0435 \u043f\u0435\u0440\u0435\u0432\u043e\u0434\u0430 \u043e\u0442 dias: +1"
      ]
    },
    {
      "username": "dias",
      "password": "123456789",
      "balance": 0,
      "transaction_history": [
        "\u041f\u0435\u0440\u0435\u0432\u043e\u0434 \u043f\u043e\u043b\u044c\u0437\u043e\u0432\u0430\u0442\u0435\u043b\u044e fav_son: -1"
      ]
    },
    {
      "username": "raim",
      "password": "12345678",
      "balance": 0,
      "transaction_history": []
    },
    {
      "username": "rrr",
      "password": "123456",
      "balance": 1000,
      "transaction_history": [
        "\u0420\u0435\u0433\u0438\u0441\u0442\u0440\u0430\u0446\u0438\u044f \u043d\u043e\u0432\u043e\u0433\u043e \u043f\u043e\u043b\u044c\u0437\u043e\u0432\u0430\u0442\u0435\u043b\u044f: rrr"
      ]
    }
  ]
}